통계표,지역별 경상수지,지역별 경상수지 지역코드,단위,변환,2000,2001,2002,2003,2004,2005,2006,2007,2008,2009,2010,2011,2012,2013,2014,2015,2016,2017,2018,2019,2020,2021,2022,2023
"2.5.1.4. 지역별 경상수지","경상수지","총계","백만달러","원자료","10,180.8","2,165.2","4,066.1","11,308.3","29,289.9","12,208.6","2,094.8","10,472.5","1,753","33,087.6","27,950.5","16,638.2","48,790.6","77,258.9","83,029.6","105,118.6","97,923.7","75,230.9","77,466.5","59,676.1","75,902.2","85,228.2","25,828.6","35,488.2"
"2.5.1.4. 지역별 경상수지","경상수지","  미국","백만달러","원자료","9,808.3","8,328.7","8,700","10,249.4","19,887.7","11,768.8","10,558.2","14,587.7","15,936","15,236.9","13,090.8","18,102.5","18,026.3","35,218.6","41,504.2","33,437.7","31,426","24,972","24,665.5","19,108","32,798.5","45,536.2","68,969.1","91,246.8"
"2.5.1.4. 지역별 경상수지","경상수지","  중국","백만달러","원자료","1,403.4","-758","1,814","8,782.5","12,620.2","12,573.5","7,604.4","5,087.3","5,622.1","16,255.7","34,551.3","26,379.9","40,799.1","56,010","55,764.5","46,365.5","42,864.8","40,108.1","47,372.9","25,960.1","17,247.9","23,414.4","-8,452.1","-30,983.7"
"2.5.1.4. 지역별 경상수지","경상수지","  일본","백만달러","원자료","-8,489","-7,775.6","-14,136.6","-18,183.4","-23,600","-22,484.3","-25,524.2","-28,967","-23,942","-23,229.6","-32,612.9","-23,643.3","-19,217","-23,363.3","-16,428","-19,319.7","-21,846.1","-28,737.7","-24,700.3","-19,020.7","-20,216.7","-22,197","-17,692.4","-16,861.2"
"2.5.1.4. 지역별 경상수지","경상수지","  EU","백만달러","원자료","8,967.4","5,147.6","1,690","3,762.2","10,961.9","13,164.7","18,419.5","13,941.7","12,512.7","4,603.4","267","3,929.7","1,507.8","-5,157.3","-13,236.1","-7,477.8","-8,227.3","-10,889.9","-9,989.4","-5,589.7","-5,903.9","-627.5","5,512.9","6,388.3"
"2.5.1.4. 지역별 경상수지","경상수지","  동남아","백만달러","원자료","11,463.1","6,162","7,962.4","10,553","16,233.2","15,879.3","18,680.4","19,069.5","26,353.3","30,515.1","36,446.9","51,859.6","62,941.4","73,053","72,938.1","60,771.8","58,743.8","76,050.2","93,911","83,171.6","79,198.7","102,361.2","77,447.5","51,666.6"
"2.5.1.4. 지역별 경상수지","경상수지","  중동","백만달러","원자료","-17,402.2","-15,374.8","-12,374.8","-16,753.6","-20,796.9","-31,631.5","-45,004.9","-41,723.7","-63,607.9","-26,783.2","-43,966.9","-79,143","-80,718.7","-90,840.5","-80,628.6","-35,036.2","-27,039.9","-43,541.2","-61,287.6","-53,025.6","-28,257.8","-47,981.9","-88,431","-73,744.4"
"2.5.1.4. 지역별 경상수지","경상수지","  중남미","백만달러","원자료","5,003.6","5,111.2","5,454.8","4,709","6,341.8","7,450.4","9,110.7","13,299.3","19,303.9","13,759.3","18,150.7","17,748.2","17,595.3","16,943.9","18,277.3","13,195.6","9,803.9","8,243.1","7,963.5","3,986.1","-440.1","-359.1","-2,025.6","-590.7"
"2.5.1.4. 지역별 경상수지","경상수지","  기타","백만달러","원자료","-573.8","1,324.1","4,956.3","8,189.2","7,642","5,487.7","8,250.7","15,177.7","9,574.9","2,730","2,023.6","1,404.6","7,856.4","15,394.5","4,838.2","13,181.7","12,198.5","9,026.3","-469.1","5,086.3","1,475.6","-14,918.1","-9,499.8","8,366.5"
"2.5.1.4. 지역별 경상수지","  상품수지","총계","백만달러","원자료","15,392.5","9,406.5","14,413.6","22,138","39,173","32,492.5","24,514.5","32,436.1","11,746.1","48,055.6","47,932.3","28,014.3","48,589.3","80,259","86,145","120,275","116,461.7","113,592.9","110,086.8","79,812.1","80,604.8","75,730.9","15,620","34,092.4"
"2.5.1.4. 지역별 경상수지","  상품수지","  미국","백만달러","원자료","13,227.2","11,586.1","12,561.8","14,518","22,433.4","18,931.2","18,532.6","18,759.2","17,994.4","20,002.1","22,186.8","24,234.5","25,559.9","40,240.4","46,973.1","44,970","42,314.9","38,583","36,032.3","28,184.1","32,872.9","41,763.9","59,003.1","82,163.7"
"2.5.1.4. 지역별 경상수지","  상품수지","  중국","백만달러","원자료","2,468.9","219.7","3,080.6","9,351.1","13,078.6","13,702.4","9,466.2","6,494.4","4,897.6","17,930.2","33,333.5","25,249.8","36,865.1","47,218.9","42,603.4","35,512.3","32,695.4","38,332.7","45,395","20,393.4","14,347.8","15,583.3","-10,197.8","-33,595.4"
"2.5.1.4. 지역별 경상수지","  상품수지","  일본","백만달러","원자료","-10,248.6","-9,255.8","-14,162.1","-18,274.7","-23,426","-21,185.1","-22,803.1","-23,587.2","-21,243.5","-21,840.5","-30,577.2","-23,820.4","-20,606.9","-21,345.4","-14,704.5","-15,555.3","-18,003.6","-21,757.8","-17,261.7","-13,805.9","-16,816","-17,686.8","-15,546.2","-11,904.2"
"2.5.1.4. 지역별 경상수지","  상품수지","  EU","백만달러","원자료","10,915.6","8,730.4","5,940.3","8,458.8","17,370.4","22,820.2","27,129.6","27,252","27,347.1","20,242.8","17,802","17,738.7","12,633.9","8,679.4","1,519.1","3,578.1","5,286","5,200.5","7,146.5","8,599.4","991.2","10,126.9","13,409.3","13,207.4"
"2.5.1.4. 지역별 경상수지","  상품수지","  동남아","백만달러","원자료","11,347.2","6,632.8","9,375","12,069.4","16,033.9","15,230.5","19,477","21,969.7","25,281.8","29,906.8","36,867.9","52,383.6","61,283.2","71,853.7","72,111.7","59,994.5","58,847.5","78,451","92,731","77,305","71,447.9","87,456.7","66,317.1","43,079.2"
"2.5.1.4. 지역별 경상수지","  상품수지","  중동","백만달러","원자료","-17,388.9","-15,708.8","-13,250.4","-17,701.4","-21,889.3","-33,640.7","-47,353","-46,034.7","-68,983.8","-35,452.6","-49,983.6","-83,706.3","-88,751.6","-94,785.2","-84,227.2","-36,631.9","-29,279.4","-45,168.2","-62,262.3","-52,635.6","-28,777.5","-47,692.2","-87,464.1","-73,309.1"
"2.5.1.4. 지역별 경상수지","  상품수지","  중남미","백만달러","원자료","4,869.8","5,017.8","5,286.2","4,554.7","5,883.1","7,490.8","8,381.9","12,040.5","16,481.8","12,990.8","16,108.9","15,517.1","14,854.4","13,243.5","15,358.2","12,745.6","8,615","6,786.6","6,308.6","2,905.5","-2,047.2","-3,507.2","-3,939","-2,234"
"2.5.1.4. 지역별 경상수지","  상품수지","  기타","백만달러","원자료","201.3","2,184.3","5,582.2","9,162.1","9,688.9","9,143.2","11,683.3","15,542.2","9,970.7","4,276","2,194","417.3","6,751.3","15,153.7","6,511.2","15,661.7","15,985.9","13,165.1","1,997.4","8,866.2","8,585.7","-10,313.7","-5,962.4","16,684.8"
"2.5.1.4. 지역별 경상수지","    가공서비스수지","총계","백만달러","원자료","878.4","306.4","267","339.7","-296","-586.7","-1,363.5","-2,069.6","-3,139.8","-4,463","-4,743.1","-7,249.6","-6,652.6","-5,707.9","-5,644","-6,095.5","-5,761.9","-6,955","-7,324.8","-7,611.2","-5,259.4","-6,123.4","-6,205.7","-6,792.5"
"2.5.1.4. 지역별 경상수지","    가공서비스수지","  미국","백만달러","원자료","850.1","451","460.5","581","688.1","828.4","795.3","554.5","532.3","420.5","551.1","509.6","485.5","397.3","332.4","189.6","268.3","217.8","183","61.7","107.6","68.4","107.2","109.5"
"2.5.1.4. 지역별 경상수지","    가공서비스수지","  중국","백만달러","원자료","-418.7","-436","-426.5","-602.1","-1,176.8","-1,890.8","-2,583.3","-3,230.7","-3,874.8","-4,760","-5,223.6","-6,611","-6,397.7","-5,727.3","-5,730.6","-5,721.5","-5,653.8","-6,401.5","-7,060.1","-6,721.1","-5,368.8","-5,408.4","-5,389.8","-5,668.8"
"2.5.1.4. 지역별 경상수지","    가공서비스수지","  일본","백만달러","원자료","146.7","168.7","184.6","213.1","164.9","302.3","339.6","504","356.8","290.3","327.2","237.4","339.6","428.2","689.6","357.7","366.3","372.4","498.3","366","352.9","284.9","417.6","364.4"
"2.5.1.4. 지역별 경상수지","    가공서비스수지","  EU","백만달러","원자료","247.8","132.5","94.8","97.3","121.6","110.1","107","-12.7","-278.5","-414.8","-299.9","-618.5","-362.8","-126.9","-34","57.4","79.3","73","112.5","156.5","111.8","68.5","85.8","57.8"
"2.5.1.4. 지역별 경상수지","    가공서비스수지","  동남아","백만달러","원자료","125.1","70.9","40.6","102.8","60.2","123.1","58.7","116","94.3","-10.9","-84.7","-679","-639.7","-598.7","-773","-774.9","-723.7","-1,160.6","-1,032.6","-1,368.3","-389","-1,078.5","-1,328.7","-1,603.1"
"2.5.1.4. 지역별 경상수지","    가공서비스수지","  중동","백만달러","원자료","19.5","9.9","10.3","16.4","18.4","34.3","29.5","62.8","66.4","68.5","41.2","17","12.4","32","10.9","-10.8","3.5","4.1","13.4","9.5","6.9","-2.5","-2.9","1.2"
"2.5.1.4. 지역별 경상수지","    가공서비스수지","  중남미","백만달러","원자료","-60.5","-73.1","-71.3","-85.2","-126.1","-71.6","-91.7","-67.2","-56.3","-64.5","-43.9","-67.1","-69.8","-81.3","-86.7","-56.7","-46.5","-27.4","-33.7","-44.5","-46.3","-48.2","-39.8","-37"
"2.5.1.4. 지역별 경상수지","    가공서비스수지","  기타","백만달러","원자료","-31.6","-17.5","-26","16.4","-46.3","-22.5","-18.6","3.7","20","7.9","-10.5","-38","-20.1","-31.2","-52.6","-136.3","-55.3","-32.8","-5.6","-71","-34.5","-7.6","-55.1","-16.5"
"2.5.1.4. 지역별 경상수지","    운송수지","총계","백만달러","원자료","2,299.6","1,735","1,474.8","3,070.5","4,482.6","3,172.5","2,152.3","3,975.5","7,508.3","4,815.6","8,656.7","6,331.6","10,131.4","7,340.6","6,193.9","4,650.9","-1,328.5","-5,418.4","-2,507.8","-1,734.3","1,096.8","12,875","13,096.7","-1,546.1"
"2.5.1.4. 지역별 경상수지","    운송수지","  미국","백만달러","원자료","-86","-94.1","-273.8","-200.7","855.4","1,110.7","-314","746.9","-565.4","-646","-675.1","-1,429.3","-263.7","-175.3","-47.6","-622.9","-1,490.2","-1,805.8","-178.3","-533.7","-243.8","1,950.2","3,360.2","988.6"
"2.5.1.4. 지역별 경상수지","    운송수지","  중국","백만달러","원자료","728.4","782.4","912.7","1,622.9","2,283.8","2,375.4","2,494","3,295.5","5,251.6","4,208.8","6,097.5","4,861.6","5,483.2","5,016","4,301.8","3,781.9","1,888.6","1,027","1,938.6","1,773.5","3,058","6,590.2","5,071.6","1,633.2"
"2.5.1.4. 지역별 경상수지","    운송수지","  일본","백만달러","원자료","-92.1","-15.6","-252","-63.5","-305.1","-412.2","-472.7","-28.6","284.4","53","919.8","1,635.5","2,108.2","1,071","596.9","421.9","269.3","12.7","765.9","899","-110.7","710","1,061","621.4"
"2.5.1.4. 지역별 경상수지","    운송수지","  EU","백만달러","원자료","6.9","-460.9","-442.8","-429.7","-1,004.5","-1,326.5","-1,809.2","-3,204.7","-3,861.1","-2,535.6","-2,791.8","-2,362","-1,793.3","-1,119.7","-697.2","-1,060.2","-1,644.1","-2,174.2","-2,478.5","-2,037.6","-502","-35.6","566.8","-721.9"
"2.5.1.4. 지역별 경상수지","    운송수지","  동남아","백만달러","원자료","961.5","822.1","889.2","1,120.4","1,521","962.9","1,347.8","604.4","1,675.6","1,605.9","1,812.3","1,885.2","3,339.3","1,761.2","1,701.6","1,320.5","277.8","-459.9","-100.8","36.6","607.3","4,592.4","3,750.9","-860.6"
"2.5.1.4. 지역별 경상수지","    운송수지","  중동","백만달러","원자료","-51.6","-113","-129.5","-131.9","19.2","-267.5","-746.2","-283.4","-346.4","-189.9","42.5","-832.3","-903.6","-1,453","-1,368.8","-685.1","-1,038.3","-1,629.7","-1,724.5","-1,477.1","-759.4","-1,041.7","-1,953.1","-2,134.3"
"2.5.1.4. 지역별 경상수지","    운송수지","  중남미","백만달러","원자료","383.9","457.2","362.3","409.4","576.8","574.5","770.5","1,289.6","2,374.2","1,070.8","1,444.2","1,066.4","1,125.2","943.9","615.6","636.7","236.1","5","43.1","-47.5","-54.9","414.1","454.5","-130.4"
"2.5.1.4. 지역별 경상수지","    운송수지","  기타","백만달러","원자료","448.6","356.9","408.7","743.6","536","155.2","882.1","1,555.8","2,695.4","1,248.6","1,807.3","1,506.5","1,036.1","1,296.5","1,091.6","858.1","172.3","-393.5","-773.3","-347.5","-897.7","-304.6","784.8","-942.1"
"2.5.1.4. 지역별 경상수지","    여행수지","총계","백만달러","원자료","-297.6","-1,235.5","-4,532.6","-4,748.1","-6,285","-9,608.2","-13,092.1","-15,854.3","-9,321.3","-5,261.6","-8,502.9","-7,558.1","-7,372","-7,255.2","-5,732.2","-10,471.5","-10,357.4","-18,323.7","-16,565.7","-11,872","-5,815.8","-7,025.6","-8,369","-12,527"
"2.5.1.4. 지역별 경상수지","    여행수지","  미국","백만달러","원자료","-786.7","-847.4","-1,459.3","-1,443","-2,320.3","-3,266.9","-4,139.2","-5,315.1","-4,168.4","-3,584.8","-3,903.6","-4,156.6","-4,623.2","-4,214.5","-4,700.3","-5,428.2","-5,671.7","-5,504.8","-5,276.5","-4,419.7","-1,706.4","-862.1","-772.9","-1,688.2"
"2.5.1.4. 지역별 경상수지","    여행수지","  중국","백만달러","원자료","-701.1","-375.6","-1,014","-842.8","-1,016.6","-1,555.5","-1,739.1","-1,364.5","-656.2","-625.3","-424.3","67.2","1,193.9","3,626.2","7,129.3","6,741.4","7,613.1","3,429.9","5,483.7","6,462.2","1,704.6","743","250.2","3,032.8"
"2.5.1.4. 지역별 경상수지","    여행수지","  일본","백만달러","원자료","2,145.3","1,665.8","729.3","207.2","343.1","-537.2","-1,532.7","-3,198.8","-431.7","1,588","835.6","1,914.6","1,943.4","-198.8","-254.5","-1,950.4","-2,175.6","-3,458.4","-3,738.9","-1,844.9","494.5","218.5","-20.8","-3,379.5"
"2.5.1.4. 지역별 경상수지","    여행수지","  EU","백만달러","원자료","-319.4","-591.9","-941","-715.8","-609.6","-885.7","-1,120.2","-1,408","-1,053.2","-737.7","-955.8","-1,107.1","-1,794.6","-1,950.3","-2,608.7","-3,278.4","-4,050.5","-5,687.2","-5,771.1","-7,020.3","-2,839.7","-4,048.9","-4,433.2","-4,710.2"
"2.5.1.4. 지역별 경상수지","    여행수지","  동남아","백만달러","원자료","-561.2","-734.1","-1,660.8","-1,690.1","-1,048.8","-1,266.1","-2,522.8","-2,727.9","-1,593.7","-703.9","-2,001.2","-2,464.1","-2,204.3","-2,398.5","-2,665.8","-3,679.5","-3,549.3","-4,319.1","-4,205.8","-2,517.1","-1,195.4","-983.4","-2,181.7","-3,522.8"
"2.5.1.4. 지역별 경상수지","    여행수지","  중동","백만달러","원자료","-49.9","-32","-56.3","-14.9","-13.7","-55.2","-13.6","-37.1","-57.3","-20.8","-104.2","-26.3","-48.3","-37.6","-25.3","-42.7","-14.2","-2.5","10.2","54.5","-32","-61.9","-27.5","31.1"
"2.5.1.4. 지역별 경상수지","    여행수지","  중남미","백만달러","원자료","-34.4","-0.4","25.2","-6.5","17.3","-18.4","-4.7","-35.9","-35.4","-8.4","-66.1","-65.8","-48.5","-29.6","-110.4","-155.5","-134.2","-107.1","-121","-106.8","-45.9","-59.6","-58.7","-38.8"
"2.5.1.4. 지역별 경상수지","    여행수지","  기타","백만달러","원자료","9.8","-319.9","-155.7","-242.2","-1,636.4","-2,023.2","-2,019.8","-1,767","-1,325.4","-1,168.7","-1,883.3","-1,720","-1,790.4","-2,052.1","-2,496.5","-2,678.2","-2,375","-2,674.5","-2,946.3","-2,479.9","-2,195.5","-1,971.2","-1,124.4","-2,251.4"
"2.5.1.4. 지역별 경상수지","    보험서비스수지","총계","백만달러","원자료","-77.8","-313.8","-533.7","-356.3","-322.5","-564","-580.3","-585.4","-277.4","-394.7","-367.4","-167.8","-304.4","-274.6","60","-97","-283.3","-106","106.9","-255.9","-243.8","-361.7","-21.9","-219.3"
"2.5.1.4. 지역별 경상수지","    보험서비스수지","  미국","백만달러","원자료","-14.6","-39.6","-73.3","-62.7","-145.6","-329","-327.9","-213.7","0.5","432.7","-518.8","11.4","-17","-40.3","38.5","-27.7","-61.8","-75.8","15.5","-14.6","-16.9","-31.2","28.8","157.6"
"2.5.1.4. 지역별 경상수지","    보험서비스수지","  중국","백만달러","원자료","14.1","7","5.9","10.6","20.5","11.7","16.4","18.4","5.8","10.1","77.7","9.2","25.2","6.6","9.9","19.5","7.9","28.4","28.5","0.8","13.6","28.1","18","29.7"
"2.5.1.4. 지역별 경상수지","    보험서비스수지","  일본","백만달러","원자료","-8.4","-9.4","-13.9","-21.1","27.5","-12.1","-18.1","-9.7","-23.9","-37.3","39.1","-12.8","-10.6","-17.7","-10.4","-20","-29.7","-6.5","1.5","-3.8","-6.4","2.2","-3.2","-3.2"
"2.5.1.4. 지역별 경상수지","    보험서비스수지","  EU","백만달러","원자료","-47.7","-176.2","-295.2","-169.3","-65.2","-32.5","128.1","-179.2","-128.8","-392","79.1","-70.8","-94.5","-35.5","79.1","32.2","-12.3","136.1","54.3","36.4","-6.9","54.8","12.6","-24.5"
"2.5.1.4. 지역별 경상수지","    보험서비스수지","  동남아","백만달러","원자료","-22.9","-70.2","-116.6","-32.3","-153.3","-196.7","-143.9","-245.3","-109.8","-291.1","-120.3","-122.4","-145.1","-146.4","-89","-112.4","-182.8","-305.5","-56.8","-258.3","-208.1","-398.7","-36.5","-287.2"
"2.5.1.4. 지역별 경상수지","    보험서비스수지","  중동","백만달러","원자료","-0.9","-10.3","-2.5","-0.6","2.5","-3.6","5.8","4.1","-7.4","28.7","-87.9","-9.4","2","-12.2","-2.3","-0.1","-5.9","99.5","9.2","-0.2","-31.6","5.5","-7","13.5"
"2.5.1.4. 지역별 경상수지","    보험서비스수지","  중남미","백만달러","원자료","-8.1","-23.5","-43.9","-26.1","-5.4","-13","4.4","-4.1","-3.6","17.3","31.1","18.7","6.8","4","13.3","6.1","10.5","7.9","4.4","2.8","0.2","5.2","1","1.3"
"2.5.1.4. 지역별 경상수지","    보험서비스수지","  기타","백만달러","원자료","10.7","8.4","5.8","-54.8","-3.5","11.2","-245.1","44.1","-10.2","-163.1","132.6","8.3","-71.2","-33.1","20.9","5.4","-9.2","9.9","50.3","-19","12.3","-27.6","-35.6","-106.5"
"2.5.1.4. 지역별 경상수지","    지식재산권사용료수지","총계","백만달러","원자료","-2,598.8","-2,194.7","-2,246.3","-2,321","-2,681.3","-2,684.4","-2,661.5","-3,507.6","-3,389.1","-4,100.2","-5,994.5","-3,016","-4,713.7","-5,481.5","-5,004.4","-3,502.4","-2,493.4","-2,414.8","-2,063.2","-2,157.4","-2,993.2","-3,045.5","-3,742.1","-3,295.6"
"2.5.1.4. 지역별 경상수지","    지식재산권사용료수지","  미국","백만달러","원자료","-1,921.5","-1,268.8","-1,437.5","-1,562.7","-1,806.1","-2,113.9","-2,400.9","-2,580.5","-3,043.8","-3,301.4","-4,983.2","-2,992.4","-4,865.9","-5,581.8","-5,346.1","-5,833.3","-4,794.8","-4,639.8","-4,789.9","-3,845.3","-3,895.9","-3,861","-2,561.6","-3,426.7"
"2.5.1.4. 지역별 경상수지","    지식재산권사용료수지","  중국","백만달러","원자료","271.9","61.9","77.4","269.3","423.6","503.6","767.3","479.6","1,068.3","909.8","1,067.5","1,269.4","1,224.8","1,522.5","2,134.1","1,774.6","1,760.4","1,899","2,515.9","1,603.8","1,753.5","1,202.1","-150","1,257.8"
"2.5.1.4. 지역별 경상수지","    지식재산권사용료수지","  일본","백만달러","원자료","-565.6","-357.8","-364.4","-376.8","-362.7","-415.1","-456.2","-540.3","-657.5","-993.9","-935.6","-822.8","-563.9","-505.8","-583.7","-472.6","-475.8","-596.3","-713","-847","-395.4","-499.6","-453.2","-346.4"
"2.5.1.4. 지역별 경상수지","    지식재산권사용료수지","  EU","백만달러","원자료","-401.3","-508.6","-447.5","-631","-941.1","-796.2","-759.9","-945.5","-909","-976.1","-1,509.2","-990.9","-1,080.9","-1,444.3","-2,499.9","-1,371.6","-1,458.9","-1,903.8","-2,284.2","-2,353.9","-656.8","-986.6","-488.4","4.2"
"2.5.1.4. 지역별 경상수지","    지식재산권사용료수지","  동남아","백만달러","원자료","115.9","-17.9","5.6","67.3","107.5","266.9","255.3","245.2","216.8","225.3","305.8","296.7","308","260","965.1","1,726.5","2,018.1","2,431.8","2,688.8","2,430.4","1,949.3","2,405.6","2,182.2","1,831.9"
"2.5.1.4. 지역별 경상수지","    지식재산권사용료수지","  중동","백만달러","원자료","-16","-6.5","-11.4","-4.2","-19.4","-27.7","-5.4","-3","-8.6","-28.5","-54.4","-23.1","-20","-10.3","20.1","42.3","35","22.4","25","30.6","-8.2","2.8","0","17.2"
"2.5.1.4. 지역별 경상수지","    지식재산권사용료수지","  중남미","백만달러","원자료","10.9","0.7","-1","0","-1.2","4.7","14.3","6","2.1","-14.1","-0.8","30.5","95.5","83.4","97","94.2","92","58.7","76.6","371.1","287","370.9","53","349"
"2.5.1.4. 지역별 경상수지","    지식재산권사용료수지","  기타","백만달러","원자료","-93.1","-97.7","-67.5","-82.9","-81.9","-106.7","-76","-169.1","-57.4","78.7","115.4","216.6","188.7","194.8","209","537.5","330.6","313.2","417.6","452.9","-2,026.7","-1,679.7","-2,324.1","-2,982.6"
"2.5.1.4. 지역별 경상수지","    통신,컴퓨터,정보서비스수지","총계","백만달러","원자료","-65.4","-146","-68","-97.8","-124.7","-115.2","-517.7","-374.7","-439.5","-444.1","-410.6","-216","1.4","325.3","967.1","702.5","990.5","1,125.6","1,556.9","2,461.3","2,041.7","2,841.5","1,038.5","3,121.4"
"2.5.1.4. 지역별 경상수지","    통신,컴퓨터,정보서비스수지","  미국","백만달러","원자료","-10.2","-38","-10.1","-25.9","-62.4","-39.4","-71.8","25.9","-101.4","-130.5","-18.4","-68.8","-73.6","18.7","131.7","-154.7","-317.3","4.1","145.7","42.2","-269.2","1,762","695.8","1,097.4"
"2.5.1.4. 지역별 경상수지","    통신,컴퓨터,정보서비스수지","  중국","백만달러","원자료","-39.1","-37.6","-14","-11.2","-13.1","-15.6","-63","-68.7","-233.2","6","-61.3","9.1","37.9","504.4","271.6","194.6","183.1","144","234.5","287.6","826","1,226.8","1,084.7","1,172.2"
"2.5.1.4. 지역별 경상수지","    통신,컴퓨터,정보서비스수지","  일본","백만달러","원자료","0.2","-10.7","-12.4","-21.7","-9.8","-4.8","-75.4","-49.5","-10","-38.9","4.1","24.2","135","160.4","313","354.9","135.3","56.1","1.2","43.3","-7","31.4","-27.3","-1.3"
"2.5.1.4. 지역별 경상수지","    통신,컴퓨터,정보서비스수지","  EU","백만달러","원자료","-10.2","-29.6","-19.3","-19.6","-7.8","-39.3","-177","-144.6","-92.7","-227.3","-191","-160.3","-138.6","-410.8","-138.4","-296.7","416.2","616.8","454.2","1,308.7","-201.4","-1,140.4","-776.2","-146.5"
"2.5.1.4. 지역별 경상수지","    통신,컴퓨터,정보서비스수지","  동남아","백만달러","원자료","-3.4","-15.1","-9.6","-16.1","-28.6","-17.5","-89.2","-82.2","29.1","8.5","-25.1","-15.5","28.3","-47","351.3","576.6","505.8","225.8","582.5","634.8","-11","-728.6","-1,058","345.3"
"2.5.1.4. 지역별 경상수지","    통신,컴퓨터,정보서비스수지","  중동","백만달러","원자료","-0.7","0.3","0","-0.3","-0.8","-3.5","-15.1","-11.3","1.7","-5.8","6.6","11","4.1","27.8","26.8","9.1","50.6","61.4","83.1","106.1","57.3","79","21.6","28.2"
"2.5.1.4. 지역별 경상수지","    통신,컴퓨터,정보서비스수지","  중남미","백만달러","원자료","0.5","-3.4","-0.5","0.1","-0.6","-1.4","-3.8","1.1","2.2","-4.5","-5.8","16","20.6","31","16.7","18.4","19","11.7","21.6","21.1","30.2","51.9","-1.3","29.2"
"2.5.1.4. 지역별 경상수지","    통신,컴퓨터,정보서비스수지","  기타","백만달러","원자료","-2.5","-11.9","-2.1","-3.1","-1.6","6.3","-22.4","-45.4","-35.2","-51.6","-119.7","-31.7","-12.3","40.8","-5.6","0.3","-2.2","5.7","34.1","17.5","1,616.8","1,559.4","1,099.2","596.9"
"2.5.1.4. 지역별 경상수지","    기타사업서비스수지","총계","백만달러","원자료","-2,234.2","-2,023","-2,812.8","-3,304.8","-3,137.1","-3,596.9","-3,943.2","-3,624.5","-8,842.8","-10,694.6","-11,811.2","-11,806.8","-12,412.4","-10,072.2","-9,144.8","-9,288.3","-7,721.2","-12,213.5","-12,214.5","-12,390.8","-9,744","-9,572.5","-7,028.7","-9,223"
"2.5.1.4. 지역별 경상수지","    기타사업서비스수지","  미국","백만달러","원자료","-361.4","-626.7","-759.8","-866","-635.6","-149","-1,599.7","-1,354","-2,007.6","-1,978.1","-2,754.1","-3,536.8","-2,751.6","-1,191.7","-1,124.4","-2,288.7","-1,897.1","-4,239.5","-3,865","-3,780.9","-1,898.8","-2,303.7","-1,579.4","-3,788.2"
"2.5.1.4. 지역별 경상수지","    기타사업서비스수지","  중국","백만달러","원자료","-509.7","-590","-46.8","-67.2","-104","-289.8","-100.6","535.8","-373.3","-966.3","-1,264.4","-1,313.5","-1,104.4","-17","-615.6","-1,384.6","-1,072.1","-1,204","-992.7","-662.8","-1,494.7","-1,612","-1,720.5","-1,615"
"2.5.1.4. 지역별 경상수지","    기타사업서비스수지","  일본","백만달러","원자료","353","583.2","13.2","15.7","81.5","98.4","237.9","-98.7","22.5","-323.6","-526.3","-390.7","-55.7","-869.6","429.3","143","406.8","-233.8","-9.2","392.4","-124.3","1,070.7","1,285.8","907.4"
"2.5.1.4. 지역별 경상수지","    기타사업서비스수지","  EU","백만달러","원자료","-606.9","-741.9","-1,376.1","-1,544","-1,638.3","-2,538.3","-1,565.8","-2,260.5","-3,319.6","-3,796.2","-4,273.8","-3,610.6","-4,320.9","-4,299","-3,788.3","-3,206.1","-3,161.3","-3,495.6","-3,696.6","-3,236.5","-2,385.1","-2,320.2","-2,533.5","-2,314.6"
"2.5.1.4. 지역별 경상수지","    기타사업서비스수지","  동남아","백만달러","원자료","-281.3","-109.3","-247.7","-337.2","-238.4","-389.8","-152.7","-44.4","-1,384.8","-1,267.4","-1,118.9","-1,283.2","-2,609.3","-821.2","-712.7","-156.2","-555.3","-700.3","-889.8","-2,037.9","-697.2","-1,573.3","686.2","820.4"
"2.5.1.4. 지역별 경상수지","    기타사업서비스수지","  중동","백만달러","원자료","-164","-79.5","-55.7","-83.8","-69.2","-59.3","-108.9","-27.4","-412.7","-113","-392.9","-365.7","-372.8","-954.7","-871.6","-557.1","-5.2","-363.8","-840.9","-881.9","-547.7","-578.4","-513.1","-747.4"
"2.5.1.4. 지역별 경상수지","    기타사업서비스수지","  중남미","백만달러","원자료","-146.8","-175","-26.2","-30.6","-35.6","-55.6","-12.9","-29.3","-78.1","-144.4","-94.5","-96.8","-49.3","-77.5","-185.3","-237.1","-180.2","-211.1","-229.2","-237.1","-214.8","-75","174","341"
"2.5.1.4. 지역별 경상수지","    기타사업서비스수지","  기타","백만달러","원자료","-517.1","-283.8","-313.7","-391.7","-497.5","-213.5","-640.5","-346","-1,289.2","-2,105.6","-1,386.3","-1,209.5","-1,148.4","-1,841.5","-2,276.2","-1,601.5","-1,256.8","-1,765.4","-1,691.1","-1,946.1","-2,381.4","-2,180.6","-2,828.2","-2,826.6"
"2.5.1.4. 지역별 경상수지","    정부서비스수지","총계","백만달러","원자료","362.8","498.6","589","750.7","822.7","685.6","680.9","611.5","270.2","419","64.3","58","282.6","130.5","101.8","-283.6","-470.4","-701.2","-797.2","-905","-585.9","-653.9","-563.6","-190"
"2.5.1.4. 지역별 경상수지","    정부서비스수지","  미국","백만달러","원자료","508.2","603.5","771","872","945.5","662.5","921.6","817","666.5","760.7","475.8","547","669.4","645.7","474.2","306.7","228.4","-48.3","-136.5","-256.1","76.6","107.6","43.1","318.1"
"2.5.1.4. 지역별 경상수지","    정부서비스수지","  중국","백만달러","원자료","-12.8","-12","-16.3","-18.5","-24.7","-66.5","-79.8","-79.1","-81.3","-30.5","-44","-17.7","-25.8","-0.7","49.5","-29.7","-63.3","-50.3","-0.9","-30.7","-79.4","-82.4","-76","-8.7"
"2.5.1.4. 지역별 경상수지","    정부서비스수지","  일본","백만달러","원자료","-36.6","-19.6","-21.8","-4.2","-30.9","-28.9","-17.3","-34.4","-42.8","-42.9","-45.2","-51.4","-61.3","-96","-41.6","-46.3","-62","-52.7","-60.3","-78.9","-57.2","-65.1","-70","-41.7"
"2.5.1.4. 지역별 경상수지","    정부서비스수지","  EU","백만달러","원자료","-49.8","-60.6","-72.7","-94.8","-81.8","-108.9","-117.5","-122.7","-105.2","-111.1","-125.8","-205.7","-114.9","-156.2","-115.7","-185.1","-175.8","-163.1","-245.9","-69.5","-76.4","-122.8","-28","-61"
"2.5.1.4. 지역별 경상수지","    정부서비스수지","  동남아","백만달러","원자료","-13.8","-4.7","-34.2","18.4","-7.3","-5.2","3.7","24.3","-39.4","-31.3","-53.6","-52.9","-69","-71.4","-77.3","-104.3","-122","-136.8","-125.1","-114.3","-104.7","-125","-107.7","-87.4"
"2.5.1.4. 지역별 경상수지","    정부서비스수지","  중동","백만달러","원자료","-15.3","-10.8","-12.1","-6.4","-30.2","-1.4","3.1","-2.7","-36.4","-20.2","-21.5","-27.6","-0.9","-16.4","6.4","4.3","-20.4","-18.2","-3.4","-44.9","-42.3","-46.8","-32.7","-27.9"
"2.5.1.4. 지역별 경상수지","    정부서비스수지","  중남미","백만달러","원자료","-5.4","-5.2","-5.6","-1.2","0.4","-3.6","-2.5","6.7","-18.5","-25.4","-35.4","-37.1","-49.2","-45.2","-37.3","-50.9","-53.5","-75.9","-50.8","-52.8","-47","-56","-58.2","-54.1"
"2.5.1.4. 지역별 경상수지","    정부서비스수지","  기타","백만달러","원자료","-11.7","8","-19.3","-14.6","51.7","237.6","-30.4","2.4","-72.7","-80.3","-86","-96.6","-65.7","-129.3","-156.4","-178.3","-201.8","-155.9","-174.3","-257.8","-255.5","-263.4","-234.1","-227.3"
"2.5.1.4. 지역별 경상수지","    기타서비스수지","총계","백만달러","원자료","887.3","1,106.7","2,036.3","1,822","2,490.9","4,313.1","6,284.9","8,389.6","11,320.7","10,785.9","9,135.9","11,568.2","15,982.2","14,666.2","14,912.5","9,759.1","10,087.2","8,272.9","10,440","7,620","6,833.5","5,779.4","4,542.7","5,012.1"
"2.5.1.4. 지역별 경상수지","    기타서비스수지","  미국","백만달러","원자료","-18.3","-53.7","-0.3","-12","-32.5","-6.8","-170.3","-143.4","-95.7","-829.4","-799.3","-632.6","-1,051.2","-879.5","-664.7","-162.8","-241.3","-246.1","-415.2","-591.2","-481.7","-918.3","-1,898.7","-1,262.7"
"2.5.1.4. 지역별 경상수지","    기타서비스수지","  중국","백만달러","원자료","-6.6","-1.9","115.4","130.7","136.3","194.9","185","152.5","522.9","116.2","90.4","306.1","422.5","361.6","399.7","333.2","447.9","210.6","71.6","498","320.5","193","167.2","104.7"
"2.5.1.4. 지역별 경상수지","    기타서비스수지","  일본","백만달러","원자료","22.5","51.3","18","58.7","26.2","35.7","14","-21.5","47.8","-66.4","12.5","-15.4","104.3","80.6","124.8","169","178.9","105.2","228.1","239.7","187.2","94.5","304.7","402.8"
"2.5.1.4. 지역별 경상수지","    기타서비스수지","  EU","백만달러","원자료","51.1","42.9","43.7","4.1","182.5","172","298.8","560.7","208.2","-215","-77.1","-75.6","238.3","-322.5","-83.1","37.6","245.4","3.8","278.5","288.2","-97.4","-135.5","-394.5","-728"
"2.5.1.4. 지역별 경상수지","    기타서비스수지","  동남아","백만달러","원자료","407.1","300.4","407.2","247.6","255.3","443.9","1,077.3","1,717.3","1,968.1","1,069.6","861.1","2,383.9","2,488.7","3,154.1","2,805","2,162.7","1,996.4","1,661.8","3,028.4","2,581.6","1,770.9","1,521.1","2,336.8","2,359.6"
"2.5.1.4. 지역별 경상수지","    기타서비스수지","  중동","백만달러","원자료","262.6","553.7","1,007.6","1,117.8","1,129.4","2,557.6","3,414","4,591.2","6,260.1","8,893.1","6,619.4","5,686.2","9,310.9","6,640.9","6,939.7","4,148","4,137.1","3,627.8","3,505.3","2,000.2","2,122.4","1,748","1,487.6","1,486.6"
"2.5.1.4. 지역별 경상수지","    기타서비스수지","  중남미","백만달러","원자료","30.9","-17.6","-43.7","9.6","51.8","160.2","195","113.7","753.4","87.4","422.8","1,822","1,559.8","1,655","1,717.7","978","979.5","928.4","922.1","507.4","703.1","701.6","632","689.1"
"2.5.1.4. 지역별 경상수지","    기타서비스수지","  기타","백만달러","원자료","138","231.6","488.4","265.5","741.9","755.6","1,271.1","1,419.1","1,655.9","1,730.4","2,006.1","2,093.6","2,908.9","3,976","3,673.4","2,093.4","2,343.3","1,981.4","2,821.2","2,096.1","2,308.5","2,575","1,907.6","1,960"
"2.5.1.4. 지역별 경상수지","    급료및임금수지","총계","백만달러","원자료","379","361.4","383.3","472.6","406.1","416.4","319.6","234.7","-124.6","-375","-770.3","-804.8","-796.6","-839.7","-835.6","-402.2","-876.6","-1,207.6","-1,174.7","-852","-663.9","-671.3","-840.2","-1,622"
"2.5.1.4. 지역별 경상수지","    급료및임금수지","  미국","백만달러","원자료","403.2","373.5","425.9","557","502.8","568.4","575.9","555.3","478.9","327.7","403.6","436.3","382.6","367.2","410","428.4","423.8","101.7","497.8","253","438.4","555.2","494.5","732.3"
"2.5.1.4. 지역별 경상수지","    급료및임금수지","  중국","백만달러","원자료","-14.8","-25.4","-42.9","-52.5","-78.7","-33.4","-75.4","-110.8","-421.6","-408.1","-799.1","-767.5","-578","-491.3","-394.2","-190.7","-659.1","-750.6","-817.3","-85.7","-53","-214.1","-82.4","-60.7"
"2.5.1.4. 지역별 경상수지","    급료및임금수지","  일본","백만달러","원자료","52.3","43","33.7","-4.6","20.2","10.1","1.4","0.4","-2.8","-22.6","-22.5","-28.9","-47","-63.4","-76.7","-59.4","-48.9","-57.2","-52.3","-41.4","-25.1","-35.3","-30.1","-26.3"
"2.5.1.4. 지역별 경상수지","    급료및임금수지","  EU","백만달러","원자료","-17.5","-2.3","-10.9","-7.1","-8.8","-33.7","-14.3","-12","-2.7","-18","-27.6","-26.3","-41.2","-49.8","-61.2","-27.3","-15.9","184.4","-54","184.9","61.6","4.5","14.1","32.5"
"2.5.1.4. 지역별 경상수지","    급료및임금수지","  동남아","백만달러","원자료","-12.8","-3.3","4.3","-1.8","2.4","-72.7","-63.4","-84.3","-96.9","-114.5","-157.9","-233.1","-323.9","-402.4","-516.4","-421.3","-417.5","-479.9","-522.2","-844.8","-774.1","-784","-1,077.6","-2,069.4"
"2.5.1.4. 지역별 경상수지","    급료및임금수지","  중동","백만달러","원자료","0.8","2.3","0.7","10.9","6.1","-2.6","0","-1.4","40","22.6","12.4","-1.8","3.6","-0.8","0.9","13.4","18.5","10.4","2.3","-1.2","-2.3","-0.8","1.7","1.8"
"2.5.1.4. 지역별 경상수지","    급료및임금수지","  중남미","백만달러","원자료","-5.1","0.4","0","-1.8","-0.2","-0.8","-1.3","0.4","10.8","-4.1","-7.8","-9.7","-14","-3.3","-5","6.6","-1.6","-6.1","-5.2","-4.3","-2.1","6.6","7.7","-6.4"
"2.5.1.4. 지역별 경상수지","    급료및임금수지","  기타","백만달러","원자료","-27.1","-26.8","-27.5","-27.5","-37.7","-18.9","-103.3","-112.9","-130.3","-158","-171.4","-173.8","-178.7","-195.9","-193","-151.9","-175.9","-210.3","-223.8","-312.5","-307.3","-203.4","-168.1","-225.8"
"2.5.1.4. 지역별 경상수지","    투자소득수지","총계","백만달러","원자료","-4,530.7","-4,075.2","-2,790.4","-3,292.4","-2,200.5","-8,457.8","-5,317.3","-4,771.4","-2,291","-3,060.7","77.8","6,200.8","11,529.5","8,357.7","5,995","4,856.8","5,443.7","6,544.5","6,076.6","13,708","14,150.8","20,116.2","21,187.3","33,227.3"
"2.5.1.4. 지역별 경상수지","    투자소득수지","  미국","백만달러","원자료","-1,809.3","-973.3","-455","-661","653.5","-3,481.3","30.9","4,513.6","6,082.3","4,856.2","4,938.3","6,835.3","6,811.9","6,786.8","6,647.6","4,913.5","4,947.6","4,547","4,829.5","6,159.8","8,320.1","8,686","12,560.6","17,951.6"
"2.5.1.4. 지역별 경상수지","    투자소득수지","  중국","백만달러","원자료","115.9","178.2","150.4","176.2","407.1","1,164.1","866.5","607.6","781.1","619.4","3,368.1","4,706.4","4,999.3","4,745.8","6,055.5","5,440","6,221.1","4,150.6","1,770.5","2,264.4","1,979.7","5,162.5","2,329.9","2,478.6"
"2.5.1.4. 지역별 경상수지","    투자소득수지","  일본","백만달러","원자료","-1,067.8","-1,283.2","-1,004.7","-528.5","-983.7","-1,371.2","-1,241.1","-2,371","-3,320.4","-2,566.8","-3,398.9","-3,190.5","-3,586.6","-2,628.9","-3,112.6","-2,658","-2,801","-3,293.5","-4,497.2","-4,795.6","-4,058.9","-6,343","-4,661.1","-3,466.9"
"2.5.1.4. 지역별 경상수지","    투자소득수지","  EU","백만달러","원자료","-707.9","-1,022.3","-626.8","-1,031.8","-2,088.5","-3,963.6","-3,454.5","-5,345.9","-5,282","-5,929.3","-6,604.1","-3,969","-915.6","-2,881.8","-4,261.3","-1,864.6","-3,423.2","-3,063.1","-3,207.5","-1,400.5","142.7","-2,306.1","203.9","1,861.7"
"2.5.1.4. 지역별 경상수지","    투자소득수지","  동남아","백만달러","원자료","-596.7","-606.1","-588.9","-825.4","-121.2","961.7","-78.6","-1,787.8","384.5","14.1","808","489.2","2,316.3","1,390.8","957.5","1,099.6","1,887.9","2,843.3","4,352.5","9,936.5","8,344.3","13,518.1","8,599.3","12,274.2"
"2.5.1.4. 지역별 경상수지","    투자소득수지","  중동","백만달러","원자료","-40.5","-5.9","55","-19.8","18.1","-146.2","-223.5","-1.4","-44.5","23.4","-39.4","138.5","-10.8","-456.1","-1,248.5","-1,659.5","-1,089.3","-373.2","-283","-148.2","-319.7","-410.9","-69.4","841.6"
"2.5.1.4. 지역별 경상수지","    투자소득수지","  중남미","백만달러","원자료","-60.8","-79.1","-58.7","-128.8","-34.2","-653.9","-185.2","-36.4","-160.2","-151.6","439.9","-415.2","202.3","1,175.6","886.8","-865.1","252.6","883.6","1,039.3","726.1","1,026.3","1,916.4","842.2","515.2"
"2.5.1.4. 지역별 경상수지","    투자소득수지","  기타","백만달러","원자료","-363.6","-283.5","-261.7","-273.3","-51.6","-967.4","-1,031.8","-350.1","-731.8","73.9","565.9","1,606.1","1,712.7","225.5","70","450.9","-552","849.8","2,072.5","965.5","-1,283.7","-106.8","1,381.9","771.3"
"2.5.1.4. 지역별 경상수지","    일반정부이전소득수지","총계","백만달러","원자료","-509.4","-591.1","-692.4","-854.9","-908.1","-1,024.9","-1,062.6","-1,148.7","-1,167.5","-1,304","-1,270.7","-1,248.7","-1,986.6","-1,571.3","-1,223.6","-1,404.2","-1,378.7","-333.6","-1,617.3","-1,765.5","-2,004.2","-2,213.3","-1,663.1","-2,417.8"
"2.5.1.4. 지역별 경상수지","    일반정부이전소득수지","  미국","백만달러","원자료","-368.2","-429.4","-523.9","-568.6","-555.2","-476.9","-597.9","-689.6","-567.1","-823.4","-771.2","-830.5","-1,169.8","-1,064.6","-630.9","-782.6","-753.8","268","-743.8","-880.9","-923","-1,074.4","-585.8","-1,041.8"
"2.5.1.4. 지역별 경상수지","    일반정부이전소득수지","  중국","백만달러","원자료","-7.1","-2.4","-0.3","-3.4","-4.2","-1.7","-5.9","-3","-7.3","-10.2","-10.6","-7.4","-9.1","-4.1","-1.7","-2.2","-2.9","-5.5","-1.6","-2.8","-2.5","-2.7","-1.1","-2.1"
"2.5.1.4. 지역별 경상수지","    일반정부이전소득수지","  일본","백만달러","원자료","12.4","15","25.2","8.3","14.4","14.3","19.9","20","11.4","1.2","25.1","16.9","17.2","16.3","18.4","14.7","14.3","36.3","43","20.1","7.9","55.7","78.6","25.3"
"2.5.1.4. 지역별 경상수지","    일반정부이전소득수지","  EU","백만달러","원자료","2.7","10.8","10.6","10.4","20","13.1","78.2","61.5","53.8","-69","-2.2","109.9","-101.2","74.7","-2.2","101","149.9","99.5","-34.9","9.7","-496.3","140","-57.7","-66.4"
"2.5.1.4. 지역별 경상수지","    일반정부이전소득수지","  동남아","백만달러","원자료","-12.9","-35","-35.9","-76.3","-25.3","-9.1","-19.7","-49.8","-83.2","-86.2","-117.3","-130.6","-171.4","-170.9","-148.3","-166.1","-163.9","-158.7","-195.8","-208.4","153.3","-244.8","-217.5","-226.4"
"2.5.1.4. 지역별 경상수지","    일반정부이전소득수지","  중동","백만달러","원자료","-1.7","-2.6","-5.7","-50.2","-80.3","-91.2","-72.3","-69.7","-165.5","-74.4","-111.9","-113","-134.7","-42.2","-42.7","-36.2","-38.4","-45.1","-55.2","-51.7","-47.1","-51.9","-55.3","-74.2"
"2.5.1.4. 지역별 경상수지","    일반정부이전소득수지","  중남미","백만달러","원자료","-4.5","-5.8","-11.7","-10","-10.2","-12.8","-15.9","-38.9","-65.1","-48.7","-65.2","-79","-95.2","-67.4","-70","-74","-53.5","-74.6","-79.9","-102.4","-89.2","-50.3","-91.9","-109.9"
"2.5.1.4. 지역별 경상수지","    일반정부이전소득수지","  기타","백만달러","원자료","-130.1","-141.7","-150.7","-165.1","-267.3","-460.6","-449","-379.2","-344.5","-193.3","-217.4","-215","-322.4","-313.1","-346.2","-458.8","-530.4","-453.5","-549.1","-549.1","-607.3","-984.9","-732.4","-922.3"
"2.5.1.4. 지역별 경상수지","    기타부문이전소득수지","총계","백만달러","원자료","295.1","-670.1","-1,421.7","-2,309.9","-2,130.2","-2,233.4","-3,319.2","-3,238.7","-99.3","-890.6","-4,045.8","-3,466.9","-3,487.5","-2,618","-3,761.1","-3,581","-4,388","-6,631.2","-6,535.5","-4,381.2","-1,515.2","-2,447.6","-1,222.3","-2,131.7"
"2.5.1.4. 지역별 경상수지","    기타부문이전소득수지","  미국","백만달러","원자료","195.8","-314.4","-526.2","-876","-633.3","-469.2","-676.4","-1,088.4","730.5","-269.4","-1,041.1","-824.6","-1,067","-89.8","-989.3","-2,069.6","-1,529","-2,189.5","-1,633.1","-1,270.4","418.6","-306.4","74.2","-1,064.4"
"2.5.1.4. 지역별 경상수지","    기타부문이전소득수지","  중국","백만달러","원자료","-485.9","-526.3","-967.6","-1,180.6","-1,311.6","-1,525.3","-1,543.9","-1,639.7","-1,257.5","-744.4","-1,656.1","-1,381.8","-1,337.8","-751.6","-448.2","-103.3","-501.5","-702.2","-1,192.8","179.5","242.6","5","243.9","258"
"2.5.1.4. 지역별 경상수지","    기타부문이전소득수지","  일본","백만달러","원자료","797.7","649.5","690.7","608.7","840.4","1,021.5","479.6","448.3","1,067.7","770.8","729.4","861","1,067.3","605.8","184","-18.9","379.6","135.8","94.3","436.3","341.8","-35.1","-28.2","-13"
"2.5.1.4. 지역별 경상수지","    기타부문이전소득수지","  EU","백만달러","원자료","-96","-174.7","-167.1","-165.3","-287","-226","-303.8","-296.7","-63.6","-217.3","-755.8","-722.1","-605.9","-1,114.6","-544.3","5.9","-462.1","-717","-262.7","-55.2","50.8","73.9","-68.1","-2.2"
"2.5.1.4. 지역별 경상수지","    기타부문이전소득수지","  동남아","백만달러","원자료","11.3","-68.5","-65.8","-93.7","-124.2","-152.6","-469.1","-585.7","10.9","190.2","-529.2","-598.2","-659.7","-710.3","-971.6","-693.9","-1,075.2","-1,842.7","-2,343.3","-2,404.2","-1,694.8","-1,216.4","-417.3","-387.1"
"2.5.1.4. 지역별 경상수지","    기타부문이전소득수지","  중동","백만달러","원자료","44.4","28.4","75.2","114.8","112.3","75.5","80.7","90.3","86.5","85.7","106.8","109.8","191","227.3","153","370.1","206.5","233.9","233.2","14.3","123.4","69.9","183.2","127.3"
"2.5.1.4. 지역별 경상수지","    기타부문이전소득수지","  중남미","백만달러","원자료","33.2","18.2","43.7","25.4","25.9","51.3","62.6","53.1","96.6","58.7","23.3","48.2","56.7","111.8","66.7","149.3","68.7","63.4","67.6","47.5","60.5","-29.5","-1.1","95.1"
"2.5.1.4. 지역별 경상수지","    기타부문이전소득수지","  기타","백만달러","원자료","-205.4","-282.3","-504.6","-743.2","-752.7","-1,008.6","-948.9","-219.9","-770.4","-764.9","-923.1","-959.2","-1,132.1","-896.6","-1,211.4","-1,220.6","-1,475","-1,612.9","-1,498.7","-1,329","-1,058.1","-1,009","-1,208.9","-1,145.4"